Workbook

Sheet Critérios
A1: Curso | B1: Semestre | C1: Espaçamento desejado | D1: Tipo de Época | E1: Inicio | F1: Fim
A2: MEIC | B2: 2S | C2: 2 | D2: Normal | E2: 46195 | F2: 46234

Sheet Calendário
B1: Assinalar se o dia é válido para fazer avaliação
B3: Dom | D3: Seg | F3: Ter | H3: Qua | J3: Qui | L3: Sex | N3: Sáb
A4: =IF(AND(('Critérios'!$E$2-WEEKDAY('Critérios'!$E$2,1)+1+6)>='Critérios'!$E$2,('Critérios'!$E$2-WEEKDAY('Critérios'!$E$2,1)+1+0)<='Critérios'!$F$2),TEXT(('Critérios'!$E$2-WEEKDAY('Critérios'!$E$2,1)+1+0),"mmm yyyy"),"") | B4: =IF(AND(('Critérios'!$E$2-WEEKDAY('Critérios'!$E$2,1)+1+0)>='Critérios'!$E$2,('Critérios'!$E$2-WEEKDAY('Critérios'!$E$2,1)+1+0)<='Critérios'!$F$2),DAY(('Critérios'!$E$2-WEEKDAY('Critérios'!$E$2,1)+1+0)),"") | C4: FALSE | D4: =IF(AND(('Critérios'!$E$2-WEEKDAY('Critérios'!$E$2,1)+1+1)>='Critérios'!$E$2,('Critérios'!$E$2-WEEKDAY('Critérios'!$E$2,1)+1+1)<='Critérios'!$F$2),DAY(('Critérios'!$E$2-WEEKDAY('Critérios'!$E$2,1)+1+1)),"") | E4: TRUE | F4: =IF(AND(('Critérios'!$E$2-WEEKDAY('Critérios'!$E$2,1)+1+2)>='Critérios'!$E$2,('Critérios'!$E$2-WEEKDAY('Critérios'!$E$2,1)+1+2)<='Critérios'!$F$2),DAY(('Critérios'!$E$2-WEEKDAY('Critérios'!$E$2,1)+1+2)),"") | G4: TRUE | H4: =IF(AND(('Critérios'!$E$2-WEEKDAY('Critérios'!$E$2,1)+1+3)>='Critérios'!$E$2,('Critérios'!$E$2-WEEKDAY('Critérios'!$E$2,1)+1+3)<='Critérios'!$F$2),DAY(('Critérios'!$E$2-WEEKDAY('Critérios'!$E$2,1)+1+3)),"") | I4: TRUE | J4: =IF(AND(('Critérios'!$E$2-WEEKDAY('Critérios'!$E$2,1)+1+4)>='Critérios'!$E$2,('Critérios'!$E$2-WEEKDAY('Critérios'!$E$2,1)+1+4)<='Critérios'!$F$2),DAY(('Critérios'!$E$2-WEEKDAY('Critérios'!$E$2,1)+1+4)),"") | K4: TRUE | L4: =IF(AND(('Critérios'!$E$2-WEEKDAY('Critérios'!$E$2,1)+1+5)>='Critérios'!$E$2,('Critérios'!$E$2-WEEKDAY('Critérios'!$E$2,1)+1+5)<='Critérios'!$F$2),DAY(('Critérios'!$E$2-WEEKDAY('Critérios'!$E$2,1)+1+5)),"") | M4: TRUE | N4: =IF(AND(('Critérios'!$E$2-WEEKDAY('Critérios'!$E$2,1)+1+6)>='Critérios'!$E$2,('Critérios'!$E$2-WEEKDAY('Critérios'!$E$2,1)+1+6)<='Critérios'!$F$2),DAY(('Critérios'!$E$2-WEEKDAY('Critérios'!$E$2,1)+1+6)),"") | O4: FALSE
A5: =IF(AND(('Critérios'!$E$2-WEEKDAY('Critérios'!$E$2,1)+1+13)>='Critérios'!$E$2,('Critérios'!$E$2-WEEKDAY('Critérios'!$E$2,1)+1+7)<='Critérios'!$F$2),TEXT(('Critérios'!$E$2-WEEKDAY('Critérios'!$E$2,1)+1+7),"mmm yy"),"") | B5: =IF(AND(('Critérios'!$E$2-WEEKDAY('Critérios'!$E$2,1)+1+7)>='Critérios'!$E$2,('Critérios'!$E$2-WEEKDAY('Critérios'!$E$2,1)+1+7)<='Critérios'!$F$2),DAY(('Critérios'!$E$2-WEEKDAY('Critérios'!$E$2,1)+1+7)),"") | C5: FALSE | D5: =IF(AND(('Critérios'!$E$2-WEEKDAY('Critérios'!$E$2,1)+1+8)>='Critérios'!$E$2,('Critérios'!$E$2-WEEKDAY('Critérios'!$E$2,1)+1+8)<='Critérios'!$F$2),DAY(('Critérios'!$E$2-WEEKDAY('Critérios'!$E$2,1)+1+8)),"") | E5: TRUE | F5: =IF(AND(('Critérios'!$E$2-WEEKDAY('Critérios'!$E$2,1)+1+9)>='Critérios'!$E$2,('Critérios'!$E$2-WEEKDAY('Critérios'!$E$2,1)+1+9)<='Critérios'!$F$2),DAY(('Critérios'!$E$2-WEEKDAY('Critérios'!$E$2,1)+1+9)),"") | G5: TRUE | H5: =IF(AND(('Critérios'!$E$2-WEEKDAY('Critérios'!$E$2,1)+1+10)>='Critérios'!$E$2,('Critérios'!$E$2-WEEKDAY('Critérios'!$E$2,1)+1+10)<='Critérios'!$F$2),DAY(('Critérios'!$E$2-WEEKDAY('Critérios'!$E$2,1)+1+10)),"") | I5: TRUE | J5: =IF(AND(('Critérios'!$E$2-WEEKDAY('Critérios'!$E$2,1)+1+11)>='Critérios'!$E$2,('Critérios'!$E$2-WEEKDAY('Critérios'!$E$2,1)+1+11)<='Critérios'!$F$2),DAY(('Critérios'!$E$2-WEEKDAY('Critérios'!$E$2,1)+1+11)),"") | K5: TRUE | L5: =IF(AND(('Critérios'!$E$2-WEEKDAY('Critérios'!$E$2,1)+1+12)>='Critérios'!$E$2,('Critérios'!$E$2-WEEKDAY('Critérios'!$E$2,1)+1+12)<='Critérios'!$F$2),DAY(('Critérios'!$E$2-WEEKDAY('Critérios'!$E$2,1)+1+12)),"") | M5: TRUE | N5: =IF(AND(('Critérios'!$E$2-WEEKDAY('Critérios'!$E$2,1)+1+13)>='Critérios'!$E$2,('Critérios'!$E$2-WEEKDAY('Critérios'!$E$2,1)+1+13)<='Critérios'!$F$2),DAY(('Critérios'!$E$2-WEEKDAY('Critérios'!$E$2,1)+1+13)),"") | O5: FALSE
A6: =IF(AND(('Critérios'!$E$2-WEEKDAY('Critérios'!$E$2,1)+1+20)>='Critérios'!$E$2,('Critérios'!$E$2-WEEKDAY('Critérios'!$E$2,1)+1+14)<='Critérios'!$F$2),TEXT(('Critérios'!$E$2-WEEKDAY('Critérios'!$E$2,1)+1+14),"mmm yy"),"") | B6: =IF(AND(('Critérios'!$E$2-WEEKDAY('Critérios'!$E$2,1)+1+14)>='Critérios'!$E$2,('Critérios'!$E$2-WEEKDAY('Critérios'!$E$2,1)+1+14)<='Critérios'!$F$2),DAY(('Critérios'!$E$2-WEEKDAY('Critérios'!$E$2,1)+1+14)),"") | C6: FALSE | D6: =IF(AND(('Critérios'!$E$2-WEEKDAY('Critérios'!$E$2,1)+1+15)>='Critérios'!$E$2,('Critérios'!$E$2-WEEKDAY('Critérios'!$E$2,1)+1+15)<='Critérios'!$F$2),DAY(('Critérios'!$E$2-WEEKDAY('Critérios'!$E$2,1)+1+15)),"") | E6: TRUE | F6: =IF(AND(('Critérios'!$E$2-WEEKDAY('Critérios'!$E$2,1)+1+16)>='Critérios'!$E$2,('Critérios'!$E$2-WEEKDAY('Critérios'!$E$2,1)+1+16)<='Critérios'!$F$2),DAY(('Critérios'!$E$2-WEEKDAY('Critérios'!$E$2,1)+1+16)),"") | G6: TRUE | H6: =IF(AND(('Critérios'!$E$2-WEEKDAY('Critérios'!$E$2,1)+1+17)>='Critérios'!$E$2,('Critérios'!$E$2-WEEKDAY('Critérios'!$E$2,1)+1+17)<='Critérios'!$F$2),DAY(('Critérios'!$E$2-WEEKDAY('Critérios'!$E$2,1)+1+17)),"") | I6: TRUE | J6: =IF(AND(('Critérios'!$E$2-WEEKDAY('Critérios'!$E$2,1)+1+18)>='Critérios'!$E$2,('Critérios'!$E$2-WEEKDAY('Critérios'!$E$2,1)+1+18)<='Critérios'!$F$2),DAY(('Critérios'!$E$2-WEEKDAY('Critérios'!$E$2,1)+1+18)),"") | K6: TRUE | L6: =IF(AND(('Critérios'!$E$2-WEEKDAY('Critérios'!$E$2,1)+1+19)>='Critérios'!$E$2,('Critérios'!$E$2-WEEKDAY('Critérios'!$E$2,1)+1+19)<='Critérios'!$F$2),DAY(('Critérios'!$E$2-WEEKDAY('Critérios'!$E$2,1)+1+19)),"") | M6: TRUE | N6: =IF(AND(('Critérios'!$E$2-WEEKDAY('Critérios'!$E$2,1)+1+20)>='Critérios'!$E$2,('Critérios'!$E$2-WEEKDAY('Critérios'!$E$2,1)+1+20)<='Critérios'!$F$2),DAY(('Critérios'!$E$2-WEEKDAY('Critérios'!$E$2,1)+1+20)),"") | O6: FALSE
A7: =IF(AND(('Critérios'!$E$2-WEEKDAY('Critérios'!$E$2,1)+1+27)>='Critérios'!$E$2,('Critérios'!$E$2-WEEKDAY('Critérios'!$E$2,1)+1+21)<='Critérios'!$F$2),TEXT(('Critérios'!$E$2-WEEKDAY('Critérios'!$E$2,1)+1+21),"mmm yy"),"") | B7: =IF(AND(('Critérios'!$E$2-WEEKDAY('Critérios'!$E$2,1)+1+21)>='Critérios'!$E$2,('Critérios'!$E$2-WEEKDAY('Critérios'!$E$2,1)+1+21)<='Critérios'!$F$2),DAY(('Critérios'!$E$2-WEEKDAY('Critérios'!$E$2,1)+1+21)),"") | C7: FALSE | D7: =IF(AND(('Critérios'!$E$2-WEEKDAY('Critérios'!$E$2,1)+1+22)>='Critérios'!$E$2,('Critérios'!$E$2-WEEKDAY('Critérios'!$E$2,1)+1+22)<='Critérios'!$F$2),DAY(('Critérios'!$E$2-WEEKDAY('Critérios'!$E$2,1)+1+22)),"") | E7: TRUE | F7: =IF(AND(('Critérios'!$E$2-WEEKDAY('Critérios'!$E$2,1)+1+23)>='Critérios'!$E$2,('Critérios'!$E$2-WEEKDAY('Critérios'!$E$2,1)+1+23)<='Critérios'!$F$2),DAY(('Critérios'!$E$2-WEEKDAY('Critérios'!$E$2,1)+1+23)),"") | G7: TRUE | H7: =IF(AND(('Critérios'!$E$2-WEEKDAY('Critérios'!$E$2,1)+1+24)>='Critérios'!$E$2,('Critérios'!$E$2-WEEKDAY('Critérios'!$E$2,1)+1+24)<='Critérios'!$F$2),DAY(('Critérios'!$E$2-WEEKDAY('Critérios'!$E$2,1)+1+24)),"") | I7: TRUE | J7: =IF(AND(('Critérios'!$E$2-WEEKDAY('Critérios'!$E$2,1)+1+25)>='Critérios'!$E$2,('Critérios'!$E$2-WEEKDAY('Critérios'!$E$2,1)+1+25)<='Critérios'!$F$2),DAY(('Critérios'!$E$2-WEEKDAY('Critérios'!$E$2,1)+1+25)),"") | K7: TRUE | L7: =IF(AND(('Critérios'!$E$2-WEEKDAY('Critérios'!$E$2,1)+1+26)>='Critérios'!$E$2,('Critérios'!$E$2-WEEKDAY('Critérios'!$E$2,1)+1+26)<='Critérios'!$F$2),DAY(('Critérios'!$E$2-WEEKDAY('Critérios'!$E$2,1)+1+26)),"") | M7: TRUE | N7: =IF(AND(('Critérios'!$E$2-WEEKDAY('Critérios'!$E$2,1)+1+27)>='Critérios'!$E$2,('Critérios'!$E$2-WEEKDAY('Critérios'!$E$2,1)+1+27)<='Critérios'!$F$2),DAY(('Critérios'!$E$2-WEEKDAY('Critérios'!$E$2,1)+1+27)),"") | O7: FALSE
A8: =IF(AND(('Critérios'!$E$2-WEEKDAY('Critérios'!$E$2,1)+1+34)>='Critérios'!$E$2,('Critérios'!$E$2-WEEKDAY('Critérios'!$E$2,1)+1+28)<='Critérios'!$F$2),TEXT(('Critérios'!$E$2-WEEKDAY('Critérios'!$E$2,1)+1+28),"mmm yy"),"") | B8: =IF(AND(('Critérios'!$E$2-WEEKDAY('Critérios'!$E$2,1)+1+28)>='Critérios'!$E$2,('Critérios'!$E$2-WEEKDAY('Critérios'!$E$2,1)+1+28)<='Critérios'!$F$2),DAY(('Critérios'!$E$2-WEEKDAY('Critérios'!$E$2,1)+1+28)),"") | C8: FALSE | D8: =IF(AND(('Critérios'!$E$2-WEEKDAY('Critérios'!$E$2,1)+1+29)>='Critérios'!$E$2,('Critérios'!$E$2-WEEKDAY('Critérios'!$E$2,1)+1+29)<='Critérios'!$F$2),DAY(('Critérios'!$E$2-WEEKDAY('Critérios'!$E$2,1)+1+29)),"") | E8: TRUE | F8: =IF(AND(('Critérios'!$E$2-WEEKDAY('Critérios'!$E$2,1)+1+30)>='Critérios'!$E$2,('Critérios'!$E$2-WEEKDAY('Critérios'!$E$2,1)+1+30)<='Critérios'!$F$2),DAY(('Critérios'!$E$2-WEEKDAY('Critérios'!$E$2,1)+1+30)),"") | G8: TRUE | H8: =IF(AND(('Critérios'!$E$2-WEEKDAY('Critérios'!$E$2,1)+1+31)>='Critérios'!$E$2,('Critérios'!$E$2-WEEKDAY('Critérios'!$E$2,1)+1+31)<='Critérios'!$F$2),DAY(('Critérios'!$E$2-WEEKDAY('Critérios'!$E$2,1)+1+31)),"") | I8: TRUE | J8: =IF(AND(('Critérios'!$E$2-WEEKDAY('Critérios'!$E$2,1)+1+32)>='Critérios'!$E$2,('Critérios'!$E$2-WEEKDAY('Critérios'!$E$2,1)+1+32)<='Critérios'!$F$2),DAY(('Critérios'!$E$2-WEEKDAY('Critérios'!$E$2,1)+1+32)),"") | K8: TRUE | L8: =IF(AND(('Critérios'!$E$2-WEEKDAY('Critérios'!$E$2,1)+1+33)>='Critérios'!$E$2,('Critérios'!$E$2-WEEKDAY('Critérios'!$E$2,1)+1+33)<='Critérios'!$F$2),DAY(('Critérios'!$E$2-WEEKDAY('Critérios'!$E$2,1)+1+33)),"") | M8: TRUE | N8: =IF(AND(('Critérios'!$E$2-WEEKDAY('Critérios'!$E$2,1)+1+34)>='Critérios'!$E$2,('Critérios'!$E$2-WEEKDAY('Critérios'!$E$2,1)+1+34)<='Critérios'!$F$2),DAY(('Critérios'!$E$2-WEEKDAY('Critérios'!$E$2,1)+1+34)),"") | O8: FALSE
A9: =IF(AND(('Critérios'!$E$2-WEEKDAY('Critérios'!$E$2,1)+1+41)>='Critérios'!$E$2,('Critérios'!$E$2-WEEKDAY('Critérios'!$E$2,1)+1+35)<='Critérios'!$F$2),TEXT(('Critérios'!$E$2-WEEKDAY('Critérios'!$E$2,1)+1+35),"mmm yy"),"") | B9: =IF(AND(('Critérios'!$E$2-WEEKDAY('Critérios'!$E$2,1)+1+35)>='Critérios'!$E$2,('Critérios'!$E$2-WEEKDAY('Critérios'!$E$2,1)+1+35)<='Critérios'!$F$2),DAY(('Critérios'!$E$2-WEEKDAY('Critérios'!$E$2,1)+1+35)),"") | C9: FALSE | D9: =IF(AND(('Critérios'!$E$2-WEEKDAY('Critérios'!$E$2,1)+1+36)>='Critérios'!$E$2,('Critérios'!$E$2-WEEKDAY('Critérios'!$E$2,1)+1+36)<='Critérios'!$F$2),DAY(('Critérios'!$E$2-WEEKDAY('Critérios'!$E$2,1)+1+36)),"") | E9: TRUE | F9: =IF(AND(('Critérios'!$E$2-WEEKDAY('Critérios'!$E$2,1)+1+37)>='Critérios'!$E$2,('Critérios'!$E$2-WEEKDAY('Critérios'!$E$2,1)+1+37)<='Critérios'!$F$2),DAY(('Critérios'!$E$2-WEEKDAY('Critérios'!$E$2,1)+1+37)),"") | G9: TRUE | H9: =IF(AND(('Critérios'!$E$2-WEEKDAY('Critérios'!$E$2,1)+1+38)>='Critérios'!$E$2,('Critérios'!$E$2-WEEKDAY('Critérios'!$E$2,1)+1+38)<='Critérios'!$F$2),DAY(('Critérios'!$E$2-WEEKDAY('Critérios'!$E$2,1)+1+38)),"") | I9: TRUE | J9: =IF(AND(('Critérios'!$E$2-WEEKDAY('Critérios'!$E$2,1)+1+39)>='Critérios'!$E$2,('Critérios'!$E$2-WEEKDAY('Critérios'!$E$2,1)+1+39)<='Critérios'!$F$2),DAY(('Critérios'!$E$2-WEEKDAY('Critérios'!$E$2,1)+1+39)),"") | K9: TRUE | L9: =IF(AND(('Critérios'!$E$2-WEEKDAY('Critérios'!$E$2,1)+1+40)>='Critérios'!$E$2,('Critérios'!$E$2-WEEKDAY('Critérios'!$E$2,1)+1+40)<='Critérios'!$F$2),DAY(('Critérios'!$E$2-WEEKDAY('Critérios'!$E$2,1)+1+40)),"") | M9: TRUE | N9: =IF(AND(('Critérios'!$E$2-WEEKDAY('Critérios'!$E$2,1)+1+41)>='Critérios'!$E$2,('Critérios'!$E$2-WEEKDAY('Critérios'!$E$2,1)+1+41)<='Critérios'!$F$2),DAY(('Critérios'!$E$2-WEEKDAY('Critérios'!$E$2,1)+1+41)),"") | O9: FALSE
A10: =IF(AND(('Critérios'!$E$2-WEEKDAY('Critérios'!$E$2,1)+1+48)>='Critérios'!$E$2,('Critérios'!$E$2-WEEKDAY('Critérios'!$E$2,1)+1+42)<='Critérios'!$F$2),TEXT(('Critérios'!$E$2-WEEKDAY('Critérios'!$E$2,1)+1+42),"mmm yy"),"") | B10: =IF(AND(('Critérios'!$E$2-WEEKDAY('Critérios'!$E$2,1)+1+42)>='Critérios'!$E$2,('Critérios'!$E$2-WEEKDAY('Critérios'!$E$2,1)+1+42)<='Critérios'!$F$2),DAY(('Critérios'!$E$2-WEEKDAY('Critérios'!$E$2,1)+1+42)),"") | C10: FALSE | D10: =IF(AND(('Critérios'!$E$2-WEEKDAY('Critérios'!$E$2,1)+1+43)>='Critérios'!$E$2,('Critérios'!$E$2-WEEKDAY('Critérios'!$E$2,1)+1+43)<='Critérios'!$F$2),DAY(('Critérios'!$E$2-WEEKDAY('Critérios'!$E$2,1)+1+43)),"") | E10: FALSE | F10: =IF(AND(('Critérios'!$E$2-WEEKDAY('Critérios'!$E$2,1)+1+44)>='Critérios'!$E$2,('Critérios'!$E$2-WEEKDAY('Critérios'!$E$2,1)+1+44)<='Critérios'!$F$2),DAY(('Critérios'!$E$2-WEEKDAY('Critérios'!$E$2,1)+1+44)),"") | G10: FALSE | H10: =IF(AND(('Critérios'!$E$2-WEEKDAY('Critérios'!$E$2,1)+1+45)>='Critérios'!$E$2,('Critérios'!$E$2-WEEKDAY('Critérios'!$E$2,1)+1+45)<='Critérios'!$F$2),DAY(('Critérios'!$E$2-WEEKDAY('Critérios'!$E$2,1)+1+45)),"") | I10: FALSE | J10: =IF(AND(('Critérios'!$E$2-WEEKDAY('Critérios'!$E$2,1)+1+46)>='Critérios'!$E$2,('Critérios'!$E$2-WEEKDAY('Critérios'!$E$2,1)+1+46)<='Critérios'!$F$2),DAY(('Critérios'!$E$2-WEEKDAY('Critérios'!$E$2,1)+1+46)),"") | K10: FALSE | L10: =IF(AND(('Critérios'!$E$2-WEEKDAY('Critérios'!$E$2,1)+1+47)>='Critérios'!$E$2,('Critérios'!$E$2-WEEKDAY('Critérios'!$E$2,1)+1+47)<='Critérios'!$F$2),DAY(('Critérios'!$E$2-WEEKDAY('Critérios'!$E$2,1)+1+47)),"") | M10: FALSE | N10: =IF(AND(('Critérios'!$E$2-WEEKDAY('Critérios'!$E$2,1)+1+48)>='Critérios'!$E$2,('Critérios'!$E$2-WEEKDAY('Critérios'!$E$2,1)+1+48)<='Critérios'!$F$2),DAY(('Critérios'!$E$2-WEEKDAY('Critérios'!$E$2,1)+1+48)),"") | O10: FALSE
A11: =IF(AND(('Critérios'!$E$2-WEEKDAY('Critérios'!$E$2,1)+1+55)>='Critérios'!$E$2,('Critérios'!$E$2-WEEKDAY('Critérios'!$E$2,1)+1+49)<='Critérios'!$F$2),TEXT(('Critérios'!$E$2-WEEKDAY('Critérios'!$E$2,1)+1+49),"mmm yy"),"") | B11: =IF(AND(('Critérios'!$E$2-WEEKDAY('Critérios'!$E$2,1)+1+49)>='Critérios'!$E$2,('Critérios'!$E$2-WEEKDAY('Critérios'!$E$2,1)+1+49)<='Critérios'!$F$2),DAY(('Critérios'!$E$2-WEEKDAY('Critérios'!$E$2,1)+1+49)),"") | C11: FALSE | D11: =IF(AND(('Critérios'!$E$2-WEEKDAY('Critérios'!$E$2,1)+1+50)>='Critérios'!$E$2,('Critérios'!$E$2-WEEKDAY('Critérios'!$E$2,1)+1+50)<='Critérios'!$F$2),DAY(('Critérios'!$E$2-WEEKDAY('Critérios'!$E$2,1)+1+50)),"") | E11: FALSE | F11: =IF(AND(('Critérios'!$E$2-WEEKDAY('Critérios'!$E$2,1)+1+51)>='Critérios'!$E$2,('Critérios'!$E$2-WEEKDAY('Critérios'!$E$2,1)+1+51)<='Critérios'!$F$2),DAY(('Critérios'!$E$2-WEEKDAY('Critérios'!$E$2,1)+1+51)),"") | G11: FALSE | H11: =IF(AND(('Critérios'!$E$2-WEEKDAY('Critérios'!$E$2,1)+1+52)>='Critérios'!$E$2,('Critérios'!$E$2-WEEKDAY('Critérios'!$E$2,1)+1+52)<='Critérios'!$F$2),DAY(('Critérios'!$E$2-WEEKDAY('Critérios'!$E$2,1)+1+52)),"") | I11: FALSE | J11: =IF(AND(('Critérios'!$E$2-WEEKDAY('Critérios'!$E$2,1)+1+53)>='Critérios'!$E$2,('Critérios'!$E$2-WEEKDAY('Critérios'!$E$2,1)+1+53)<='Critérios'!$F$2),DAY(('Critérios'!$E$2-WEEKDAY('Critérios'!$E$2,1)+1+53)),"") | K11: FALSE | L11: =IF(AND(('Critérios'!$E$2-WEEKDAY('Critérios'!$E$2,1)+1+54)>='Critérios'!$E$2,('Critérios'!$E$2-WEEKDAY('Critérios'!$E$2,1)+1+54)<='Critérios'!$F$2),DAY(('Critérios'!$E$2-WEEKDAY('Critérios'!$E$2,1)+1+54)),"") | M11: FALSE | N11: =IF(AND(('Critérios'!$E$2-WEEKDAY('Critérios'!$E$2,1)+1+55)>='Critérios'!$E$2,('Critérios'!$E$2-WEEKDAY('Critérios'!$E$2,1)+1+55)<='Critérios'!$F$2),DAY(('Critérios'!$E$2-WEEKDAY('Critérios'!$E$2,1)+1+55)),"") | O11: FALSE

Sheet UCs_LEIC_S1
B1: Ultima avaliação por exame final | C1: Data da Ultima avaliação | D1: ANO
A2: ALGA | B2: FALSE | D2: 1
A3: AM I | B3: FALSE | D3: 1
A4: FP | B4: FALSE | D4: 1
A5: FSC | B5: FALSE | D5: 1
A6: MD | B6: FALSE | D6: 1
A7: PUP | B7: FALSE | D7: 1
A8: AED | B8: FALSE | D8: 2
A9: BD | B9: FALSE | D9: 2
A10: F II | B10: FALSE | D10: 2
A11: LDTS | B11: FALSE | D11: 2
A12: SO | B12: FALSE | D12: 2
A13: FSI | B13: FALSE | D13: 3
... A28: CTLGE01 | B28: FALSE | D28: 3

Sheet Inscritos_LEIC_S1
A1: UC \ UC | B1: ALGA | C1: AM I | D1: FP | E1: FSC | F1: MD | G1: PUP | H1: AED | I1: BD | J1: F II | K1: LDTS | L1: SO | M1: FSI | N1: IPC | O1: LBAW | P1: PFL | Q1: RC | R1: IADE | S1: IADP | T1: IR | U1: MPSAC | V1: AADL | W1: DDS | X1: MTIL | Y1: SAFE | Z1: IMQ | AA1: RNMOG01 | AB1: CTLGE01
A2: ALGA | B2: 322 | C2: 316 | D2: 312 | E2: 311 | F2: 314 | G2: 292 | H2: 3 | I2: 7 | J2: 9 | K2: 4 | L2: 4 | M2: 1 | N2: 1 | O2: 0 | P2: 0 | Q2: 1 | R2: 2 | S2: 1 | T2: 0 | U2: 0 | V2: 0 | W2: 0 | X2: 0 | Y2: 0 | Z2: 0 | AA2: 0 | AB2: 0
A3: AM I | B3: 316 | C3: 417 | D3: 349 | E3: 323 | F3: 339 | G3: 291 | H3: 64 | I3: 73 | J3: 73 | K3: 57 | L3: 61 | M3: 13 | N3: 10 | O3: 17 | P3: 14 | Q3: 15 | R3: 28 | S3: 21 | T3: 1 | U3: 0 | V3: 0 | W3: 2 | X3: 0 | Y3: 0 | Z3: 3 | AA3: 1 | AB3: 9
A4: FP | B4: 312 | C4: 349 | D4: 415 | E4: 329 | F4: 340 | G4: 291 | H4: 70 | I4: 80 | J4: 74 | K4: 65 | L4: 70 | M4: 8 | N4: 6 | O4: 3 | P4: 8 | Q4: 7 | R4: 24 | S4: 28 | T4: 1 | U4: 1 | V4: 0 | W4: 2 | X4: 0 | Y4: 1 | Z4: 2 | AA4: 1 | AB4: 8
A5: FSC | B5: 311 | C5: 323 | D5: 329 | E5: 343 | F5: 326 | G5: 290 | H5: 14 | I5: 20 | J5: 17 | K5: 10 | L5: 13 | M5: 2 | N5: 2 | O5: 0 | P5: 2 | Q5: 1 | R5: 4 | S5: 6 | T5: 0 | U5: 0 | V5: 0 | W5: 2 | X5: 0 | Y5: 0 | Z5: 0 | AA5: 0 | AB5: 0
A6: MD | B6: 314 | C6: 339 | D6: 340 | E6: 326 | F6: 365 | G6: 292 | H6: 22 | I6: 28 | J6: 28 | K6: 19 | L6: 25 | M6: 1 | N6: 4 | O6: 5 | P6: 4 | Q6: 1 | R6: 13 | S6: 8 | T6: 1 | U6: 0 | V6: 1 | W6: 1 | X6: 0 | Y6: 0 | Z6: 2 | AA6: 0 | AB6: 4
A7: PUP | B7: 292 | C7: 291 | D7: 291 | E7: 290 | F7: 292 | G7: 294 | H7: 1 | I7: 1 | J7: 1 | K7: 1 | L7: 1 | M7: 0 | N7: 0 | O7: 0 | P7: 0 | Q7: 0 | R7: 0 | S7: 0 | T7: 0 | U7: 0 | V7: 0 | W7: 0 | X7: 0 | Y7: 0 | Z7: 0 | AA7: 0 | AB7: 0
A8: AED | B8: 3 | C8: 64 | D8: 70 | E8: 14 | F8: 22 | G8: 1 | H8: 400 | I8: 321 | J8: 283 | K8: 287 | L8: 295 | M8: 71 | N8: 68 | O8: 76 | P8: 76 | Q8: 80 | R8: 73 | S8: 189 | T8: 7 | U8: 16 | V8: 4 | W8: 11 | X8: 0 | Y8: 2 | Z8: 14 | AA8: 4 | AB8: 31
A9: BD | B9: 7 | C9: 73 | D9: 80 | E9: 20 | F9: 28 | G9: 1 | H9: 321 | I9: 367 | J9: 293 | K9: 288 | L9: 296 | M9: 36 | N9: 36 | O9: 33 | P9: 30 | Q9: 36 | R9: 68 | S9: 174 | T9: 8 | U9: 13 | V9: 5 | W9: 9 | X9: 0 | Y9: 2 | Z9: 14 | AA9: 1 | AB9: 23
A10: F II | B10: 9 | C10: 73 | D10: 74 | E10: 17 | F10: 28 | G10: 1 | H10: 283 | I10: 293 | J10: 332 | K10: 268 | L10: 280 | M10: 20 | N10: 14 | O10: 19 | P10: 19 | Q10: 26 | R10: 53 | S10: 162 | T10: 6 | U10: 13 | V10: 5 | W10: 4 | X10: 0 | Y10: 1 | Z10: 11 | AA10: 1 | AB10: 15
A11: LDTS | B11: 4 | C11: 57 | D11: 65 | E11: 10 | F11: 19 | G11: 1 | H11: 287 | I11: 288 | J11: 268 | K11: 320 | L11: 287 | M11: 15 | N11: 19 | O11: 18 | P11: 13 | Q11: 18 | R11: 49 | S11: 164 | T11: 7 | U11: 14 | V11: 4 | W11: 3 | X11: 0 | Y11: 0 | Z11: 13 | AA11: 1 | AB11: 12
A12: SO | B12: 4 | C12: 61 | D12: 70 | E12: 13 | F12: 25 | G12: 1 | H12: 295 | I12: 296 | J12: 280 | K12: 287 | L12: 326 | M12: 14 | N12: 17 | O12: 13 | P12: 12 | Q12: 14 | R12: 49 | S12: 163 | T12: 7 | U12: 13 | V12: 4 | W12: 6 | X12: 0 | Y12: 1 | Z12: 12 | AA12: 1 | AB12: 16
A13: FSI | B13: 1 | C13: 13 | D13: 8 | E13: 2 | F13: 1 | G13: 0 | H13: 71 | I13: 36 | J13: 20 | K13: 15 | L13: 14 | M13: 320 | N13: 267 | O13: 279 | P13: 288 | Q13: 286 | R13: 107 | S13: 65 | T13: 25 | U13: 13 | V13: 11 | W13: 12 | X13: 0 | Y13: 3 | Z13: 22 | AA13: 5 | AB13: 42
... A28: CTLGE01 | B28: 0 | C28: 9 | D28: 8 | E28: 0 | F28: 4 | G28: 0 | H28: 31 | I28: 23 | J28: 15 | K28: 12 | L28: 16 | M28: 42 | N28: 40 | O28: 46 | P28: 48 | Q28: 44 | R28: 40 | S28: 17 | T28: 0 | U28: 0 | V28: 1 | W28: 0 | X28: 0 | Y28: 0 | Z28: 1 | AA28: 0 | AB28: 318

Sheet UCs_LEIC_S2
B1: Ultima avaliação por exame final | C1: Data da Ultima avaliação | D1: ANO
A2: AC | B2: FALSE | D2: 1
A3: AM II | B3: FALSE | D3: 1
A4: F I | B4: FALSE | D4: 1
A5: P | B5: FALSE | D5: 1
A6: TC | B6: FALSE | D6: 1
A7: DA | B7: FALSE | D7: 2
A8: ES | B8: FALSE | D8: 2
A9: LC | B9: FALSE | D9: 2
A10: LTW | B10: FALSE | D10: 2
A11: ME | B11: FALSE | D11: 2
A12: C | B12: FALSE | D12: 3
A13: CG | B13: FALSE | D13: 3
... A17: CP | B17: FALSE | D17: 2

Sheet Inscritos_LEIC_S2
A1: UC \ UC | B1: AC | C1: AM II | D1: F I | E1: P | F1: TC | G1: DA | H1: ES | I1: LC | J1: LTW | K1: ME | L1: C | M1: CG | N1: CPD | O1: IA | P1: PI | Q1: CP
A2: AC | B2: 391 | C2: 344 | D2: 351 | E2: 360 | F2: 351 | G2: 33 | H2: 32 | I2: 32 | J2: 39 | K2: 35 | L2: 6 | M2: 6 | N2: 6 | O2: 6 | P2: 6 | Q2: 22
A3: AM II | B3: 344 | C3: 407 | D3: 355 | E3: 360 | F3: 342 | G3: 43 | H3: 46 | I3: 43 | J3: 47 | K3: 52 | L3: 16 | M3: 14 | N3: 13 | O3: 20 | P3: 11 | Q3: 30
A4: F I | B4: 351 | C4: 355 | D4: 408 | E4: 362 | F4: 342 | G4: 41 | H4: 35 | I4: 43 | J4: 39 | K4: 43 | L4: 18 | M4: 22 | N4: 19 | O4: 20 | P4: 14 | Q4: 24
A5: P | B5: 360 | C5: 360 | D5: 362 | E5: 450 | F5: 359 | G5: 75 | H5: 74 | I5: 69 | J5: 84 | K5: 69 | L5: 10 | M5: 20 | N5: 13 | O5: 19 | P5: 9 | Q5: 54
A6: TC | B6: 351 | C6: 342 | D6: 342 | E6: 359 | F6: 376 | G6: 26 | H6: 25 | I6: 19 | J6: 30 | K6: 27 | L6: 6 | M6: 5 | N6: 7 | O6: 6 | P6: 1 | Q6: 14
A7: DA | B7: 33 | C7: 43 | D7: 41 | E7: 75 | F7: 26 | G7: 350 | H7: 287 | I7: 293 | J7: 296 | K7: 273 | L7: 38 | M7: 45 | N7: 38 | O7: 41 | P7: 27 | Q7: 259
A8: ES | B8: 32 | C8: 46 | D8: 35 | E8: 74 | F8: 25 | G8: 287 | H8: 331 | I8: 286 | J8: 298 | K8: 271 | L8: 14 | M8: 17 | N8: 16 | O8: 16 | P8: 10 | Q8: 256
A9: LC | B9: 32 | C9: 43 | D9: 43 | E9: 69 | F9: 19 | G9: 293 | H9: 286 | I9: 332 | J9: 291 | K9: 267 | L9: 27 | M9: 28 | N9: 27 | O9: 31 | P9: 20 | Q9: 253
A10: LTW | B10: 39 | C10: 47 | D10: 39 | E10: 84 | F10: 30 | G10: 296 | H10: 298 | I10: 291 | J10: 369 | K10: 285 | L10: 33 | M10: 41 | N10: 33 | O10: 45 | P10: 21 | Q10: 263
A11: ME | B11: 35 | C11: 52 | D11: 43 | E11: 69 | F11: 27 | G11: 273 | H11: 271 | I11: 267 | J11: 285 | K11: 336 | L11: 35 | M11: 35 | N11: 34 | O11: 35 | P11: 28 | Q11: 249
A12: C | B12: 6 | C12: 16 | D12: 18 | E12: 10 | F12: 6 | G12: 38 | H12: 14 | I12: 27 | J12: 33 | K12: 35 | L12: 322 | M12: 293 | N12: 284 | O12: 276 | P12: 283 | Q12: 35
A13: CG | B13: 6 | C13: 14 | D13: 22 | E13: 20 | F13: 5 | G13: 45 | H13: 17 | I13: 28 | J13: 41 | K13: 35 | L13: 293 | M13: 328 | N13: 288 | O13: 290 | P13: 279 | Q13: 33
... A17: CP | B17: 22 | C17: 30 | D17: 24 | E17: 54 | F17: 14 | G17: 259 | H17: 256 | I17: 253 | J17: 263 | K17: 249 | L17: 35 | M17: 33 | N17: 35 | O17: 35 | P17: 31 | Q17: 362

Sheet UCs_MEIC_S1
B1: Ultima avaliação por exame final | C1: Data da Ultima avaliação | D1: ANO
A2: AC | B2: FALSE | D2: 1
A3: DS | B3: FALSE | D3: 1
A4: PRI | B4: FALSE | D4: 1
A5: SDLE | B5: FALSE | D5: 1
A6: SGI | B6: FALSE | D6: 1
A7: PD | B7: FALSE | D7: 2
A8: D | B8: FALSE | D8: 2
A9: API | B9: FALSE | D9: 2
A10: AID | B10: FALSE | D10: 2
A11: CHE | B11: FALSE | D11: 2
A12: ELS | B12: FALSE | D12: 2
A13: ESS | B13: FALSE | D13: 2
... A25: LATEX | B25: FALSE | D25: 1

Sheet Inscritos_MEIC_S1
A1: UC \ UC | B1: AC | C1: DS | D1: PRI | E1: SDLE | F1: SGI | G1: PD | H1: D | I1: API | J1: AID | K1: CHE | L1: ELS | M1: ESS | N1: MS | O1: MNEC | P1: RVA | Q1: RI | R1: S | S1: SCI | T1: TACS | U1: TVVS | V1: TAIM | W1: WSDL | X1: CVCC | Y1: LATEX
A2: AC | B2: 154 | C2: 135 | D2: 142 | E2: 133 | F2: 129 | G2: 5 | H2: 0 | I2: 2 | J2: 3 | K2: 1 | L2: 1 | M2: 3 | N2: 4 | O2: 2 | P2: 0 | Q2: 0 | R2: 2 | S2: 2 | T2: 7 | U2: 3 | V2: 2 | W2: 2 | X2: 1 | Y2: 0
A3: DS | B3: 135 | C3: 154 | D3: 132 | E3: 129 | F3: 132 | G3: 3 | H3: 0 | I3: 1 | J3: 2 | K3: 1 | L3: 1 | M3: 5 | N3: 2 | O3: 2 | P3: 1 | Q3: 1 | R3: 2 | S3: 0 | T3: 3 | U3: 4 | V3: 1 | W3: 1 | X3: 0 | Y3: 0
A4: PRI | B4: 142 | C4: 132 | D4: 156 | E4: 134 | F4: 130 | G4: 9 | H4: 0 | I4: 2 | J4: 4 | K4: 0 | L4: 1 | M4: 2 | N4: 5 | O4: 8 | P4: 3 | Q4: 2 | R4: 4 | S4: 1 | T4: 7 | U4: 6 | V4: 4 | W4: 2 | X4: 1 | Y4: 2
A5: SDLE | B5: 133 | C5: 129 | D5: 134 | E5: 152 | F5: 132 | G5: 4 | H5: 1 | I5: 1 | J5: 2 | K5: 0 | L5: 3 | M5: 0 | N5: 3 | O5: 6 | P5: 1 | Q5: 1 | R5: 5 | S5: 1 | T5: 5 | U5: 3 | V5: 2 | W5: 1 | X5: 0 | Y5: 1
A6: SGI | B6: 129 | C6: 132 | D6: 130 | E6: 132 | F6: 145 | G6: 1 | H6: 1 | I6: 1 | J6: 1 | K6: 0 | L6: 1 | M6: 1 | N6: 4 | O6: 2 | P6: 1 | Q6: 1 | R6: 2 | S6: 1 | T6: 5 | U6: 3 | V6: 4 | W6: 0 | X6: 0 | Y6: 0
A7: PD | B7: 5 | C7: 3 | D7: 9 | E7: 4 | F7: 1 | G7: 138 | H7: 1 | I7: 19 | J7: 18 | K7: 8 | L7: 18 | M7: 19 | N7: 34 | O7: 41 | P7: 21 | Q7: 25 | R7: 40 | S7: 17 | T7: 35 | U7: 31 | V7: 28 | W7: 18 | X7: 20 | Y7: 17
A8: D | B8: 0 | C8: 0 | D8: 0 | E8: 1 | F8: 1 | G8: 1 | H8: 18 | I8: 0 | J8: 0 | K8: 0 | L8: 0 | M8: 0 | N8: 0 | O8: 0 | P8: 0 | Q8: 2 | R8: 0 | S8: 0 | T8: 1 | U8: 0 | V8: 2 | W8: 0 | X8: 0 | Y8: 2
A9: API | B9: 2 | C9: 1 | D9: 2 | E9: 1 | F9: 1 | G9: 19 | H9: 0 | I9: 25 | J9: 8 | K9: 2 | L9: 0 | M9: 3 | N9: 3 | O9: 11 | P9: 0 | Q9: 2 | R9: 11 | S9: 6 | T9: 8 | U9: 7 | V9: 6 | W9: 3 | X9: 0 | Y9: 6
A10: AID | B10: 3 | C10: 2 | D10: 4 | E10: 2 | F10: 1 | G10: 18 | H10: 0 | I10: 8 | J10: 25 | K10: 2 | L10: 1 | M10: 1 | N10: 10 | O10: 7 | P10: 4 | Q10: 1 | R10: 5 | S10: 4 | T10: 7 | U10: 6 | V10: 6 | W10: 2 | X10: 3 | Y10: 5
A11: CHE | B11: 1 | C11: 1 | D11: 0 | E11: 0 | F11: 0 | G11: 8 | H11: 0 | I11: 2 | J11: 2 | K11: 10 | L11: 1 | M11: 3 | N11: 2 | O11: 2 | P11: 0 | Q11: 2 | R11: 3 | S11: 3 | T11: 2 | U11: 3 | V11: 4 | W11: 0 | X11: 1 | Y11: 3
A12: ELS | B12: 1 | C12: 1 | D12: 1 | E12: 3 | F12: 1 | G12: 18 | H12: 0 | I12: 0 | J12: 1 | K12: 1 | L12: 24 | M12: 2 | N12: 4 | O12: 8 | P12: 2 | Q12: 7 | R12: 19 | S12: 2 | T12: 6 | U12: 3 | V12: 3 | W12: 7 | X12: 7 | Y12: 0
A13: ESS | B13: 3 | C13: 5 | D13: 2 | E13: 0 | F13: 1 | G13: 19 | H13: 0 | I13: 3 | J13: 1 | K13: 3 | L13: 2 | M13: 26 | N13: 8 | O13: 4 | P13: 3 | Q13: 8 | R13: 4 | S13: 6 | T13: 8 | U13: 10 | V13: 4 | W13: 3 | X13: 4 | Y13: 3
... A25: LATEX | B25: 0 | C25: 0 | D25: 2 | E25: 1 | F25: 0 | G25: 17 | H25: 2 | I25: 6 | J25: 5 | K25: 3 | L25: 0 | M25: 3 | N25: 5 | O25: 9 | P25: 0 | Q25: 5 | R25: 8 | S25: 3 | T25: 9 | U25: 3 | V25: 7 | W25: 1 | X25: 0 | Y25: 82

Sheet UCs_MEIC_S2
B1: Ultima avaliação por exame final | C1: Data da Ultima avaliação | D1: ANO
A2: LGP | B2: FALSE | D2: 1
A3: ASMA | B3: FALSE | D3: 1
A4: ASSO | B4: FALSE | D4: 1
A5: CAC | B5: FALSE | D5: 1
A6: CPM | B6: FALSE | D6: 1
A7: DDJD | B7: FALSE | D7: 1
A8: ER | B8: FALSE | D8: 1
A9: EDAA | B9: FALSE | D9: 1
A10: GEE | B10: FALSE | D10: 1
A11: GRS | B11: FALSE | D11: 1
A12: GSSI | B12: FALSE | D12: 1
A13: MK | B13: FALSE | D13: 1
... A27: MFS | B27: FALSE | D27: 1

Sheet Inscritos_MEIC_S2
A1: UC \ UC | B1: LGP | C1: ASMA | D1: ASSO | E1: CAC | F1: CPM | G1: DDJD | H1: ER | I1: EDAA | J1: GEE | K1: GRS | L1: GSSI | M1: MK | N1: O | O1: PLN | P1: PLR | Q1: SR | R1: SSI | S1: SAM | T1: SETR | U1: TBD | V1: VC | W1: BDNR | X1: PD | Y1: D | Z1: CPA | AA1: MFS
A2: LGP | B2: 147 | C2: 22 | D2: 42 | E2: 7 | F2: 17 | G2: 43 | H2: 9 | I2: 21 | J2: 89 | K2: 21 | L2: 3 | M2: 18 | N2: 30 | O2: 17 | P2: 6 | Q2: 20 | R2: 18 | S2: 16 | T2: 22 | U2: 9 | V2: 38 | W2: 18 | X2: 2 | Y2: 1 | Z2: 18 | AA2: 25
A3: ASMA | B3: 22 | C3: 24 | D3: 6 | E3: 1 | F3: 4 | G3: 8 | H3: 1 | I3: 1 | J3: 14 | K3: 3 | L3: 0 | M3: 0 | N3: 7 | O3: 5 | P3: 0 | Q3: 3 | R3: 1 | S3: 0 | T3: 4 | U3: 0 | V3: 7 | W3: 1 | X3: 1 | Y3: 0 | Z3: 0 | AA3: 3
A4: ASSO | B4: 42 | C4: 6 | D4: 50 | E4: 1 | F4: 3 | G4: 8 | H4: 2 | I4: 8 | J4: 25 | K4: 8 | L4: 1 | M4: 8 | N4: 10 | O4: 1 | P4: 0 | Q4: 5 | R4: 5 | S4: 5 | T4: 5 | U4: 1 | V4: 8 | W4: 5 | X4: 1 | Y4: 2 | Z4: 3 | AA4: 16
A5: CAC | B5: 7 | C5: 1 | D5: 1 | E5: 12 | F5: 0 | G5: 0 | H5: 0 | I5: 4 | J5: 5 | K5: 0 | L5: 1 | M5: 0 | N5: 1 | O5: 6 | P5: 1 | Q5: 2 | R5: 0 | S5: 1 | T5: 0 | U5: 2 | V5: 3 | W5: 1 | X5: 0 | Y5: 1 | Z5: 0 | AA5: 0
A6: CPM | B6: 17 | C6: 4 | D6: 3 | E6: 0 | F6: 24 | G6: 9 | H6: 2 | I6: 0 | J6: 17 | K6: 2 | L6: 0 | M6: 5 | N6: 2 | O6: 3 | P6: 0 | Q6: 0 | R6: 1 | S6: 4 | T6: 1 | U6: 3 | V6: 3 | W6: 2 | X6: 0 | Y6: 1 | Z6: 1 | AA6: 0
A7: DDJD | B7: 43 | C7: 8 | D7: 8 | E7: 0 | F7: 9 | G7: 48 | H7: 3 | I7: 2 | J7: 29 | K7: 2 | L7: 0 | M7: 11 | N7: 7 | O7: 4 | P7: 2 | Q7: 6 | R7: 6 | S7: 8 | T7: 7 | U7: 4 | V7: 16 | W7: 2 | X7: 0 | Y7: 0 | Z7: 3 | AA7: 1
A8: ER | B8: 9 | C8: 1 | D8: 2 | E8: 0 | F8: 2 | G8: 3 | H8: 21 | I8: 0 | J8: 10 | K8: 1 | L8: 3 | M8: 4 | N8: 0 | O8: 4 | P8: 0 | Q8: 1 | R8: 0 | S8: 1 | T8: 1 | U8: 0 | V8: 1 | W8: 4 | X8: 2 | Y8: 5 | Z8: 2 | AA8: 0
A9: EDAA | B9: 21 | C9: 1 | D9: 8 | E9: 4 | F9: 0 | G9: 2 | H9: 0 | I9: 25 | J9: 13 | K9: 6 | L9: 0 | M9: 0 | N9: 7 | O9: 2 | P9: 1 | Q9: 4 | R9: 2 | S9: 1 | T9: 5 | U9: 1 | V9: 3 | W9: 5 | X9: 0 | Y9: 0 | Z9: 3 | AA9: 5
A10: GEE | B10: 89 | C10: 14 | D10: 25 | E10: 5 | F10: 17 | G10: 29 | H10: 10 | I10: 13 | J10: 106 | K10: 18 | L10: 4 | M10: 9 | N10: 2 | O10: 14 | P10: 3 | Q10: 8 | R10: 12 | S10: 10 | T10: 15 | U10: 6 | V10: 30 | W10: 8 | X10: 2 | Y10: 1 | Z10: 13 | AA10: 16
A11: GRS | B11: 21 | C11: 3 | D11: 8 | E11: 0 | F11: 2 | G11: 2 | H11: 1 | I11: 6 | J11: 18 | K11: 23 | L11: 0 | M11: 0 | N11: 3 | O11: 0 | P11: 0 | Q11: 2 | R11: 2 | S11: 2 | T11: 3 | U11: 1 | V11: 2 | W11: 3 | X11: 0 | Y11: 1 | Z11: 4 | AA11: 1
A12: GSSI | B12: 3 | C12: 0 | D12: 1 | E12: 1 | F12: 0 | G12: 0 | H12: 3 | I12: 0 | J12: 4 | K12: 0 | L12: 9 | M12: 1 | N12: 0 | O12: 2 | P12: 0 | Q12: 0 | R12: 0 | S12: 1 | T12: 0 | U12: 2 | V12: 1 | W12: 0 | X12: 0 | Y12: 2 | Z12: 2 | AA12: 1
A13: MK | B13: 18 | C13: 0 | D13: 8 | E13: 0 | F13: 5 | G13: 11 | H13: 4 | I13: 0 | J13: 9 | K13: 0 | L13: 1 | M13: 25 | N13: 2 | O13: 0 | P13: 0 | Q13: 3 | R13: 1 | S13: 9 | T13: 1 | U13: 4 | V13: 2 | W13: 3 | X13: 0 | Y13: 2 | Z13: 1 | AA13: 2
... A27: MFS | B27: 25 | C27: 3 | D27: 16 | E27: 0 | F27: 0 | G27: 1 | H27: 0 | I27: 5 | J27: 16 | K27: 1 | L27: 1 | M27: 2 | N27: 8 | O27: 1 | P27: 2 | Q27: 2 | R27: 2 | S27: 3 | T27: 0 | U27: 0 | V27: 8 | W27: 1 | X27: 0 | Y27: 0 | Z27: 5 | AA27: 26

Sheet UCs_MESW_S1
B1: Ultima avaliação por exame final | C1: Data da Ultima avaliação | D1: ANO
A2: PPES | B2: FALSE | D2: 1
A3: ERMS | B3: FALSE | D3: 1
A4: ADS | B4: FALSE | D4: 1
A5: TVVS | B5: FALSE | D5: 1
A6: LES | B6: FALSE | D6: 1
A7: D | B7: FALSE | D7: 2
A8: SES | B8: FALSE | D8: 2
A9: COSN | B9: FALSE | D9: 2
A10: IPC | B10: FALSE | D10: 2

Sheet Inscritos_MESW_S1
A1: UC \ UC | B1: PPES | C1: ERMS | D1: ADS | E1: TVVS | F1: LES | G1: D | H1: SES | I1: COSN | J1: IPC
A2: PPES | B2: 46 | C2: 42 | D2: 42 | E2: 41 | F2: 38 | G2: 0 | H2: 0 | I2: 0 | J2: 0
A3: ERMS | B3: 42 | C3: 49 | D3: 42 | E3: 41 | F3: 41 | G3: 0 | H3: 2 | I3: 3 | J3: 1
A4: ADS | B4: 42 | C4: 42 | D4: 50 | E4: 39 | F4: 38 | G4: 1 | H4: 2 | I4: 2 | J4: 1
A5: TVVS | B5: 41 | C5: 41 | D5: 39 | E5: 51 | F5: 40 | G5: 1 | H5: 2 | I5: 3 | J5: 2
A6: LES | B6: 38 | C6: 41 | D6: 38 | E6: 40 | F6: 45 | G6: 1 | H6: 2 | I6: 5 | J6: 2
A7: D | B7: 0 | C7: 0 | D7: 1 | E7: 1 | F7: 1 | G7: 41 | H7: 37 | I7: 19 | J7: 7
A8: SES | B8: 0 | C8: 2 | D8: 2 | E8: 2 | F8: 2 | G8: 37 | H8: 39 | I8: 20 | J8: 8
A9: COSN | B9: 0 | C9: 3 | D9: 2 | E9: 3 | F9: 5 | G9: 19 | H9: 20 | I9: 28 | J9: 2
A10: IPC | B10: 0 | C10: 1 | D10: 1 | E10: 2 | F10: 2 | G10: 7 | H10: 8 | I10: 2 | J10: 10

Sheet UCs_MESW_S2
B1: Ultima avaliação por exame final | C1: Data da Ultima avaliação | D1: ANO
A2: GPIE | B2: FALSE | D2: 1
A3: SES | B3: FALSE | D3: 1
A4: CES | B4: FALSE | D4: 1
A5: ADES | B5: FALSE | D5: 1
A6: CM | B6: FALSE | D6: 1
A7: GQMPS | B7: FALSE | D7: 1

Sheet Inscritos_MESW_S2
A1: UC \ UC | B1: GPIE | C1: SES | D1: CES | E1: ADES | F1: CM | G1: GQMPS
A2: GPIE | B2: 44 | C2: 38 | D2: 37 | E2: 39 | F2: 19 | G2: 18
A3: SES | B3: 38 | C3: 46 | D3: 43 | E3: 43 | F3: 21 | G3: 17
A4: CES | B4: 37 | C4: 43 | D4: 49 | E4: 42 | F4: 20 | G4: 18
A5: ADES | B5: 39 | C5: 43 | D5: 42 | E5: 46 | F5: 20 | G5: 19
A6: CM | B6: 19 | C6: 21 | D6: 20 | E6: 20 | F6: 23 | G6: 0
A7: GQMPS | B7: 18 | C7: 17 | D7: 18 | E7: 19 | F7: 0 | G7: 22

Sheet UCs_MIA_S1
B1: Ultima avaliação por exame final | C1: Data da Ultima avaliação | D1: ANO
A2: IAS | B2: FALSE | D2: 1
A3: TSI | B3: FALSE | D3: 1
A4: D | B4: FALSE | D4: 2
A5: SIA | B5: FALSE | D5: 2
A6: TAAC | B6: FALSE | D6: 1
A7: TAIA | B7: FALSE | D7: 1
A8: ICD | B8: FALSE | D8: 1
A9: IIA | B9: FALSE | D9: 1
A10: CP | B10: FALSE | D10: 1
A11: EA | B11: FALSE | D11: 1
A12: MS | B12: FALSE | D12: 1
A13: PRI | B13: FALSE | D13: 1
... A20: PECIA | B20: FALSE | D20: 1

Sheet Inscritos_MIA_S1
A1: UC \ UC | B1: IAS | C1: TSI | D1: D | E1: SIA | F1: TAAC | G1: TAIA | H1: ICD | I1: IIA | J1: CP | K1: EA | L1: MS | M1: PRI | N1: STP | O1: SCIC | P1: DSEPASE | Q1: SEESTE | R1: ES | S1: SALM | T1: PECIA
A2: IAS | B2: 58 | C2: 55 | D2: 0 | E2: 0 | F2: 27 | G2: 50 | H2: 26 | I2: 2 | J2: 1 | K2: 2 | L2: 29 | M2: 0 | N2: 10 | O2: 5 | P2: 0 | Q2: 0 | R2: 0 | S2: 0 | T2: 0
A3: TSI | B3: 55 | C3: 61 | D3: 0 | E3: 2 | F3: 27 | G3: 51 | H3: 26 | I3: 1 | J3: 1 | K3: 2 | L3: 29 | M3: 0 | N3: 11 | O3: 5 | P3: 0 | Q3: 0 | R3: 0 | S3: 0 | T3: 0
A4: D | B4: 0 | C4: 0 | D4: 53 | E4: 46 | F4: 0 | G4: 1 | H4: 0 | I4: 0 | J4: 3 | K4: 3 | L4: 6 | M4: 0 | N4: 21 | O4: 10 | P4: 0 | Q4: 0 | R4: 0 | S4: 0 | T4: 0
A5: SIA | B5: 0 | C5: 2 | D5: 46 | E5: 50 | F5: 0 | G5: 1 | H5: 0 | I5: 0 | J5: 3 | K5: 3 | L5: 6 | M5: 0 | N5: 22 | O5: 10 | P5: 0 | Q5: 0 | R5: 0 | S5: 0 | T5: 0
A6: TAAC | B6: 27 | C6: 27 | D6: 0 | E6: 0 | F6: 31 | G6: 26 | H6: 0 | I6: 0 | J6: 1 | K6: 1 | L6: 13 | M6: 0 | N6: 8 | O6: 2 | P6: 0 | Q6: 0 | R6: 0 | S6: 0 | T6: 0
A7: TAIA | B7: 50 | C7: 51 | D7: 1 | E7: 1 | F7: 26 | G7: 52 | H7: 24 | I7: 0 | J7: 1 | K7: 2 | L7: 30 | M7: 0 | N7: 11 | O7: 4 | P7: 0 | Q7: 0 | R7: 0 | S7: 0 | T7: 0
A8: ICD | B8: 26 | C8: 26 | D8: 0 | E8: 0 | F8: 0 | G8: 24 | H8: 28 | I8: 2 | J8: 0 | K8: 1 | L8: 15 | M8: 0 | N8: 2 | O8: 2 | P8: 0 | Q8: 0 | R8: 0 | S8: 0 | T8: 0
A9: IIA | B9: 2 | C9: 1 | D9: 0 | E9: 0 | F9: 0 | G9: 0 | H9: 2 | I9: 12 | J9: 0 | K9: 0 | L9: 0 | M9: 0 | N9: 0 | O9: 0 | P9: 0 | Q9: 0 | R9: 0 | S9: 0 | T9: 0
A10: CP | B10: 1 | C10: 1 | D10: 3 | E10: 3 | F10: 1 | G10: 1 | H10: 0 | I10: 0 | J10: 4 | K10: 0 | L10: 0 | M10: 0 | N10: 0 | O10: 0 | P10: 0 | Q10: 0 | R10: 0 | S10: 0 | T10: 0
A11: EA | B11: 2 | C11: 2 | D11: 3 | E11: 3 | F11: 1 | G11: 2 | H11: 1 | I11: 0 | J11: 0 | K11: 5 | L11: 0 | M11: 0 | N11: 0 | O11: 0 | P11: 0 | Q11: 0 | R11: 0 | S11: 0 | T11: 0
A12: MS | B12: 29 | C12: 29 | D12: 6 | E12: 6 | F12: 13 | G12: 30 | H12: 15 | I12: 0 | J12: 0 | K12: 0 | L12: 35 | M12: 0 | N12: 2 | O12: 0 | P12: 0 | Q12: 0 | R12: 0 | S12: 0 | T12: 0
A13: PRI | B13: 0 | C13: 0 | D13: 0 | E13: 0 | F13: 0 | G13: 0 | H13: 0 | I13: 0 | J13: 0 | K13: 0 | L13: 0 | M13: 0 | N13: 0 | O13: 0 | P13: 0 | Q13: 0 | R13: 0 | S13: 0 | T13: 0
... A20: PECIA | B20: 0 | C20: 0 | D20: 0 | E20: 0 | F20: 0 | G20: 0 | H20: 0 | I20: 0 | J20: 0 | K20: 0 | L20: 0 | M20: 0 | N20: 0 | O20: 0 | P20: 0 | Q20: 0 | R20: 0 | S20: 0 | T20: 40

Sheet UCs_MIA_S2
B1: Ultima avaliação por exame final | C1: Data da Ultima avaliação | D1: ANO
A2: ACPR | B2: FALSE | D2: 1
A3: PLN | B3: FALSE | D3: 1
A4: VC | B4: FALSE | D4: 1
A5: TRI | B5: FALSE | D5: 1
A6: BIO | B6: FALSE | D6: 1
A7: CR | B7: FALSE | D7: 1
A8: CAC | B8: FALSE | D8: 1
A9: DSM | B9: FALSE | D9: 1
A10: DDDM | B10: FALSE | D10: 1
A11: O | B11: FALSE | D11: 1
A12: TACD | B12: FALSE | D12: 1
A13: DSEPASE | B13: FALSE | D13: 1
... A17: PECIA | B17: FALSE | D17: 1

Sheet Inscritos_MIA_S2
A1: UC \ UC | B1: ACPR | C1: PLN | D1: VC | E1: TRI | F1: BIO | G1: CR | H1: CAC | I1: DSM | J1: DDDM | K1: O | L1: TACD | M1: DSEPASE | N1: SEESTE | O1: ES | P1: CVCC | Q1: PECIA
A2: ACPR | B2: 61 | C2: 55 | D2: 54 | E2: 53 | F2: 2 | G2: 4 | H2: 27 | I2: 8 | J2: 0 | K2: 3 | L2: 4 | M2: 0 | N2: 0 | O2: 0 | P2: 0 | Q2: 0
A3: PLN | B3: 55 | C3: 62 | D3: 57 | E3: 56 | F3: 2 | G3: 4 | H3: 27 | I3: 8 | J3: 0 | K3: 3 | L3: 4 | M3: 0 | N3: 0 | O3: 0 | P3: 0 | Q3: 0
A4: VC | B4: 54 | C4: 57 | D4: 64 | E4: 55 | F4: 2 | G4: 4 | H4: 27 | I4: 8 | J4: 0 | K4: 4 | L4: 4 | M4: 0 | N4: 0 | O4: 0 | P4: 0 | Q4: 0
A5: TRI | B5: 53 | C5: 56 | D5: 55 | E5: 61 | F5: 2 | G5: 5 | H5: 27 | I5: 8 | J5: 0 | K5: 3 | L5: 4 | M5: 0 | N5: 0 | O5: 0 | P5: 0 | Q5: 0
A6: BIO | B6: 2 | C6: 2 | D6: 2 | E6: 2 | F6: 2 | G6: 0 | H6: 0 | I6: 0 | J6: 0 | K6: 0 | L6: 0 | M6: 0 | N6: 0 | O6: 0 | P6: 0 | Q6: 0
A7: CR | B7: 4 | C7: 4 | D7: 4 | E7: 5 | F7: 0 | G7: 5 | H7: 0 | I7: 0 | J7: 0 | K7: 0 | L7: 0 | M7: 0 | N7: 0 | O7: 0 | P7: 0 | Q7: 0
A8: CAC | B8: 27 | C8: 27 | D8: 27 | E8: 27 | F8: 0 | G8: 0 | H8: 27 | I8: 0 | J8: 0 | K8: 0 | L8: 0 | M8: 0 | N8: 0 | O8: 0 | P8: 0 | Q8: 0
A9: DSM | B9: 8 | C9: 8 | D9: 8 | E9: 8 | F9: 0 | G9: 0 | H9: 0 | I9: 8 | J9: 0 | K9: 0 | L9: 0 | M9: 0 | N9: 0 | O9: 0 | P9: 0 | Q9: 0
A10: DDDM | B10: 0 | C10: 0 | D10: 0 | E10: 0 | F10: 0 | G10: 0 | H10: 0 | I10: 0 | J10: 0 | K10: 0 | L10: 0 | M10: 0 | N10: 0 | O10: 0 | P10: 0 | Q10: 0
A11: O | B11: 3 | C11: 3 | D11: 4 | E11: 3 | F11: 0 | G11: 0 | H11: 0 | I11: 0 | J11: 0 | K11: 4 | L11: 0 | M11: 0 | N11: 0 | O11: 0 | P11: 0 | Q11: 0
A12: TACD | B12: 4 | C12: 4 | D12: 4 | E12: 4 | F12: 0 | G12: 0 | H12: 0 | I12: 0 | J12: 0 | K12: 0 | L12: 4 | M12: 0 | N12: 0 | O12: 0 | P12: 0 | Q12: 0
A13: DSEPASE | B13: 0 | C13: 0 | D13: 0 | E13: 0 | F13: 0 | G13: 0 | H13: 0 | I13: 0 | J13: 0 | K13: 0 | L13: 0 | M13: 48 | N13: 0 | O13: 0 | P13: 0 | Q13: 0
... A17: PECIA | B17: 0 | C17: 0 | D17: 0 | E17: 0 | F17: 0 | G17: 0 | H17: 0 | I17: 0 | J17: 0 | K17: 0 | L17: 0 | M17: 0 | N17: 0 | O17: 0 | P17: 0 | Q17: 22

Sheet UCs_MM_S1
B1: Ultima avaliação por exame final | C1: Data da Ultima avaliação | D1: ANO
A2: SDI | B2: FALSE | D2: 1
A3: TCM | B3: FALSE | D3: 1
A4: ACM | B4: FALSE | D4: 1
A5: EDM | B5: FALSE | D5: 1
A6: FC | B6: FALSE | D6: 1
A7: TW | B7: FALSE | D7: 1
A8: LM | B8: FALSE | D8: 1
A9: CE-L | B9: FALSE | D9: 1
A10: DOC | B10: FALSE | D10: 1
A11: SEMUL | B11: FALSE | D11: 1
A12: IPROG | B12: FALSE | D12: 1
A13: JD | B13: FALSE | D13: 1
... A16: DISS | B16: FALSE | D16: 2

Sheet Inscritos_MM_S1
A1: UC \ UC | B1: SDI | C1: TCM | D1: ACM | E1: EDM | F1: FC | G1: TW | H1: LM | I1: CE-L | J1: DOC | K1: SEMUL | L1: IPROG | M1: JD | N1: SSMD | O1: EGM | P1: DISS
A2: SDI | B2: 38 | C2: 33 | D2: 3 | E2: 2 | F2: 3 | G2: 5 | H2: 34 | I2: 0 | J2: 0 | K2: 32 | L2: 3 | M2: 13 | N2: 6 | O2: 3 | P2: 1
A3: TCM | B3: 33 | C3: 54 | D3: 18 | E3: 7 | F3: 9 | G3: 3 | H3: 50 | I3: 1 | J3: 5 | K3: 49 | L3: 4 | M3: 13 | N3: 6 | O3: 2 | P3: 1
A4: ACM | B4: 3 | C4: 18 | D4: 36 | E4: 6 | F4: 7 | G4: 2 | H4: 19 | I4: 0 | J4: 10 | K4: 17 | L4: 1 | M4: 1 | N4: 2 | O4: 1 | P4: 14
A5: EDM | B5: 2 | C5: 7 | D5: 6 | E5: 14 | F5: 0 | G5: 0 | H5: 9 | I5: 1 | J5: 3 | K5: 8 | L5: 2 | M5: 1 | N5: 0 | O5: 0 | P5: 4
A6: FC | B6: 3 | C6: 9 | D6: 7 | E6: 0 | F6: 21 | G6: 2 | H6: 8 | I6: 2 | J6: 3 | K6: 8 | L6: 0 | M6: 1 | N6: 0 | O6: 0 | P6: 12
A7: TW | B7: 5 | C7: 3 | D7: 2 | E7: 0 | F7: 2 | G7: 15 | H7: 3 | I7: 0 | J7: 0 | K7: 3 | L7: 1 | M7: 1 | N7: 0 | O7: 2 | P7: 6
A8: LM | B8: 34 | C8: 50 | D8: 19 | E8: 9 | F8: 8 | G8: 3 | H8: 54 | I8: 1 | J8: 5 | K8: 49 | L8: 3 | M8: 14 | N8: 6 | O8: 2 | P8: 0
A9: CE-L | B9: 0 | C9: 1 | D9: 0 | E9: 1 | F9: 2 | G9: 0 | H9: 1 | I9: 8 | J9: 2 | K9: 1 | L9: 0 | M9: 0 | N9: 2 | O9: 0 | P9: 6
A10: DOC | B10: 0 | C10: 5 | D10: 10 | E10: 3 | F10: 3 | G10: 0 | H10: 5 | I10: 2 | J10: 22 | K10: 5 | L10: 1 | M10: 1 | N10: 0 | O10: 1 | P10: 14
A11: SEMUL | B11: 32 | C11: 49 | D11: 17 | E11: 8 | F11: 8 | G11: 3 | H11: 49 | I11: 1 | J11: 5 | K11: 52 | L11: 3 | M11: 14 | N11: 5 | O11: 2 | P11: 0
A12: IPROG | B12: 3 | C12: 4 | D12: 1 | E12: 2 | F12: 0 | G12: 1 | H12: 3 | I12: 0 | J12: 1 | K12: 3 | L12: 7 | M12: 0 | N12: 1 | O12: 0 | P12: 4
A13: JD | B13: 13 | C13: 13 | D13: 1 | E13: 1 | F13: 1 | G13: 1 | H13: 14 | I13: 0 | J13: 1 | K13: 14 | L13: 0 | M13: 24 | N13: 0 | O13: 0 | P13: 4
... A16: DISS | B16: 1 | C16: 1 | D16: 14 | E16: 4 | F16: 12 | G16: 6 | H16: 0 | I16: 6 | J16: 14 | K16: 0 | L16: 4 | M16: 4 | N16: 8 | O16: 2 | P16: 55

Sheet UCs_MM_S2
B1: Ultima avaliação por exame final | C1: Data da Ultima avaliação | D1: ANO
A2: DSMD | B2: FALSE | D2: 1
A3: HTM | B3: FALSE | D3: 1
A4: MPA | B4: FALSE | D4: 1
A5: SE | B5: FALSE | D5: 1
A6: ANS | B6: FALSE | D6: 1
A7: SGA3D | B7: FALSE | D7: 1
A8: IM | B8: FALSE | D8: 1
A9: MINV | B9: FALSE | D9: 1
A10: LGP | B10: FALSE | D10: 1
A11: MI | B11: FALSE | D11: 1
A12: NI | B12: FALSE | D12: 1

Sheet Inscritos_MM_S2
A1: UC \ UC | B1: DSMD | C1: HTM | D1: MPA | E1: SE | F1: ANS | G1: SGA3D | H1: IM | I1: MINV | J1: LGP | K1: MI | L1: NI
A2: DSMD | B2: 20 | C2: 15 | D2: 3 | E2: 1 | F2: 0 | G2: 4 | H2: 3 | I2: 17 | J2: 16 | K2: 2 | L2: 5
A3: HTM | B3: 15 | C3: 51 | D3: 9 | E3: 13 | F3: 3 | G3: 12 | H3: 19 | I3: 47 | J3: 47 | K3: 2 | L3: 18
A4: MPA | B4: 3 | C4: 9 | D4: 12 | E4: 0 | F4: 0 | G4: 2 | H4: 2 | I4: 10 | J4: 9 | K4: 1 | L4: 2
A5: SE | B5: 1 | C5: 13 | D5: 0 | E5: 18 | F5: 1 | G5: 3 | H5: 3 | I5: 12 | J5: 13 | K5: 0 | L5: 5
A6: ANS | B6: 0 | C6: 3 | D6: 0 | E6: 1 | F6: 8 | G6: 0 | H6: 3 | I6: 3 | J6: 3 | K6: 0 | L6: 0
A7: SGA3D | B7: 4 | C7: 12 | D7: 2 | E7: 3 | F7: 0 | G7: 17 | H7: 1 | I7: 12 | J7: 12 | K7: 0 | L7: 0
A8: IM | B8: 3 | C8: 19 | D8: 2 | E8: 3 | F8: 3 | G8: 1 | H8: 21 | I8: 20 | J8: 19 | K8: 0 | L8: 7
A9: MINV | B9: 17 | C9: 47 | D9: 10 | E9: 12 | F9: 3 | G9: 12 | H9: 20 | I9: 51 | J9: 47 | K9: 2 | L9: 19
A10: LGP | B10: 16 | C10: 47 | D10: 9 | E10: 13 | F10: 3 | G10: 12 | H10: 19 | I10: 47 | J10: 53 | K10: 2 | L10: 18
A11: MI | B11: 2 | C11: 2 | D11: 1 | E11: 0 | F11: 0 | G11: 0 | H11: 0 | I11: 2 | J11: 2 | K11: 6 | L11: 0
A12: NI | B12: 5 | C12: 18 | D12: 2 | E12: 5 | F12: 0 | G12: 0 | H12: 7 | I12: 19 | J12: 18 | K12: 0 | L12: 25
